latitude,longitude,depth
-9.4186,125.0086,5.2
-9.3585,125.0937,22.5
-9.337,124.9735,4.1
-9.3795,125.2005,5.6
-9.5195,125.1221,6.4
-9.4038,125.2084,9.8
-9.487,124.8443,11.6
-9.3933,125.0617,5.3
-9.6186,125.0783,22.3
-9.3775,124.9156,6
-9.4091,125.0294,24.6
-9.2893,125.2379,19.7
-9.3271,125.0018,19.7
-9.3576,125.1649,20.3
-9.5551,125.1861,24.8
-9.3367,125.1684,4.3
-9.3272,125.22,8.7
-9.5604,125.1162,1.7
-9.5013,124.9336,19.4
-9.5477,125.0353,5.1
-9.5863,125.1261,6.7
-9.5225,125.1034,10.5
-9.2723,125.1518,24.2
-9.3834,124.8847,8.5
-9.5069,124.9242,11.4
-9.5777,124.8668,20.2
-9.4987,125.1469,1.6
-9.5213,125.1943,18.7
-9.4609,124.8314,20.9
-9.4761,124.8313,24.7
-9.5259,124.8403,18.3
-9.4676,125.2055,10.7
-9.4077,124.8286,22.8
-9.5075,125.1638,4.3
-9.591,124.9029,16.7
-9.312,124.8437,12.3
-9.5628,124.919,24
-9.6151,125.1724,24.3
-9.5957,125.2158,22.7
-9.621,125.1011,24.9
-9.5358,124.9115,9.7
-9.3862,124.8428,18.6
-9.4555,124.8112,5.6
-9.4099,125.1537,8.6
-9.3588,124.8125,22.4
-9.5047,125.1602,9.7
-9.4275,125.0445,12.3
-9.4374,125.0088,19
-9.3981,124.8461,4.8
-9.6189,125.1092,10.7
-9.486,124.8816,20.7
-9.3356,124.8864,12.1
-9.3546,125.0477,8
-9.5897,125.0094,0.5
-9.2985,125.0308,14.2
-9.5393,124.8265,10.1
-9.5699,125.2414,2.9
-9.4988,125.0325,19.6
-9.2716,125.2232,1.7
-9.4777,124.9644,22.5
-9.5432,124.7962,11.8
-9.5023,125.2417,23.9
-9.6208,125.1191,18.7
-9.4105,124.8128,20.8
-9.4306,125.0259,5.8
-9.4163,124.8424,24.1
-9.5854,125.1244,2.4
-9.576,124.9801,11.2
-9.4679,124.9726,4.2
-9.2685,125.1753,10.8
-9.5508,125.1417,6.1
-9.4924,125.215,10.8
-9.3774,124.9733,23.3
-9.4859,125.126,23.1
-9.5945,125.1111,20.1
-9.5969,124.8317,1.9
-9.601,124.9153,23.8
-9.6126,125.0318,11.4
-9.5571,125.1054,18.9
-9.2901,125.0707,5.7
-9.3808,124.961,12.1
-9.3038,125.1847,3.2
-9.269,125.2146,10.8
-9.6096,125.1887,15.5
-9.4047,124.9768,9.7
-9.4912,124.8916,5.6
-9.6152,124.9096,20.1
-9.6005,124.9727,17.7
-9.3683,125.044,6.8
-9.5397,125.0433,15.3
-9.5883,125.0782,9.6
-9.3259,125.1088,12.6
-9.3748,125.0611,24.7
-9.3809,124.8765,21
-9.5901,124.8308,19.3
-9.6145,124.8941,8.8
-9.5648,125.0102,1.2
-9.526,124.9989,2.6
-9.4079,124.9915,20.6
-9.5594,124.9362,17.4
-9.3702,125.137,22.4
-9.5184,124.9861,3
-9.266,125.0668,17.6
-9.6102,124.9154,10.3
-9.5625,125.091,20.1
-9.5275,124.9585,24.7
-9.4874,125.0226,5.9
-9.5325,125.1161,10.3
-9.5772,124.8034,8.5
-9.429,125.0758,5
-9.409,124.7967,11.1
-9.5293,125.1809,8
-9.6116,124.8498,24.8
-9.5631,125.0756,16.7
-9.5752,125.0074,21.8
-9.318,124.9003,23.9
-9.566,125.1303,16.3
-9.4823,125.0733,5.8
-9.3541,125.1807,2.5
-9.3693,125.0591,9.1
-9.4507,125.1299,9.1
-9.533,124.9339,10.4
-9.4332,124.8286,6.5
-9.3904,124.9603,2.4
-9.5567,125.0258,9.8
-9.407,125.1671,9.9
-9.473,125.0159,11.7
-9.286,125.208,20.2
-9.5561,124.9925,21.1
-9.3569,125.0212,2
-9.4052,125.1591,10.5
-9.2815,125.1301,17.3
-9.3842,125.0627,22.3
-9.4673,124.9433,18.2
-9.3056,125.0241,18.5
-9.3304,125.1518,21.2
-9.5414,125.0048,0.4
-9.461,124.8576,10.7
-9.5156,125.0256,5.9
-9.3807,124.9864,14.6
-9.5676,124.8516,9.8
-9.2957,125.2257,22.2
-9.3726,125.1048,12.8
-9.5659,124.8936,17.4
-9.4385,124.9506,14
-9.3498,124.9616,11.4
-9.5554,125.2018,14.8
-9.5042,125.1787,0.4
-9.5505,124.8971,22.6
-9.5648,125.0919,24.9
-9.3387,125.0346,16.3
-9.3944,125.188,5
-9.5148,125.2309,11.5
-9.3312,124.965,12.5
-9.3277,124.8617,3.5
-9.5401,124.9558,4.7
-9.5724,124.9453,6.2
-9.6038,124.9649,12.9
-9.3882,124.8185,14.5
-9.3501,124.8953,20.6
-9.4151,124.8639,2.6
-9.5933,125.0612,2.2
-9.5317,125.1338,22.7
-9.3249,124.9045,6.8
-9.502,125.1186,13.1
-9.3385,124.8815,23.1
-9.4642,125.0102,15.2
-9.3109,125.1442,1.6
-9.2841,124.96,1.4
-9.4771,124.8013,2.3
-9.4889,124.7967,18.6
-9.3634,125.2283,21.7
-9.6099,125.1095,18.7
-9.3979,125.1876,22.2
-9.5819,124.8447,21.7
-9.3015,124.9925,7.5
-9.604,125.1278,17.5
-9.5177,124.8643,21.7
-9.3009,125.1428,8.5
-9.3158,125.0357,12.7
-9.5996,125.1685,6.9
-9.3547,124.9594,6.3
-9.5481,124.8976,24.6
-9.5623,125.0878,15.5
-9.5115,124.9619,19.7
-9.6047,124.9576,24.8
-9.3599,124.8847,7.5
-9.5969,124.8472,20.1
-9.3709,125.1255,22.3
-9.4452,125.2145,3.3
-9.5935,125.2266,14.4
-9.6074,125.1462,10.3
-9.4154,125.1517,0.9
-9.326,124.9117,24.2
-9.5237,125.144,22.6
-9.2826,124.8645,4.5
-9.5988,125.1628,2.2
-9.2966,125.0261,7.5
-9.4219,124.881,6.9
-9.4315,124.8614,21.2
-9.3561,125.2452,21.2
-9.4156,124.8515,1.2
-9.5017,124.8467,15.6
-9.5923,125.1593,20.9
-9.3214,125.1928,3.1
-9.3861,124.9082,4.9
-9.612,124.8489,9.9
-9.494,125.0888,6
-9.4781,125.1432,19.1
-9.501,125.1422,18.1
-9.3442,125.1532,13.1
-9.5094,124.9609,21
-9.546,124.9543,20
-9.3392,124.8943,10.3
-9.6106,125.112,0.2
-9.5577,125.0111,20.4
-9.5534,125.1462,17.4
-9.3095,125.144,19.3
-9.3026,125.1242,14.4
-9.5491,124.8684,6.7
-9.3611,125.2288,11.5
-9.2852,125.1877,6
-9.5897,125.1911,7.7
-9.6045,125.1997,18.6
-9.4944,124.8045,21
-9.474,125.0767,5.6
-9.2668,124.9221,9.7
-9.361,124.8741,12.3
-9.586,125.1746,19
-9.2696,125.1469,1.3
-9.5825,124.8784,13.4
-9.3661,125.1338,17.5
-9.524,124.8485,20
-9.5867,125.1357,21.8
-9.3799,124.9641,8.2
-9.4264,125.0264,14.3
-9.2725,124.8258,18.9
-9.4925,125.0396,9
-9.5268,125.1064,3.4
-9.555,124.8616,23
-9.5743,125.0928,14.5
-9.5416,125.0964,21.4
-9.6176,125.2281,17.3
-9.3113,124.9348,23.7
-9.4515,124.8643,21
-9.3344,124.9081,7.8
-9.4684,125.0375,24.4
-9.3338,125.1983,6.2
-9.3878,124.9973,12.4
-9.6178,125.1745,0.5
-9.3544,125.0431,6
-9.2937,125.21,15
-9.485,124.8278,1.2
-9.3764,125.1841,4.4
-9.4573,125.0483,4
-9.2907,124.8376,0.6
-9.4697,125.1636,14.7
-9.5118,125.0704,5.7
-9.4776,124.8932,11.5
-9.4952,124.985,0.7
-9.394,125.0617,19.9
-9.5034,125.0139,10
-9.3647,124.928,12
-9.571,125.1327,21.1
-9.5238,124.8915,12.8
-9.3484,125.1777,2.8
-9.5507,125.0008,16.2
-9.331,125.056,12.1
-9.2883,124.827,24.9
-9.5637,125.2056,11.7
-9.5852,125.0843,24.8
-9.6165,124.8917,0.8
-9.5937,124.7983,23.3
-9.3332,125.0819,12.2
-9.2788,125.1675,14.7
-9.543,125.2042,16.9
-9.5651,125.1627,17.1
-9.4698,124.8262,1.2
-9.322,125.0788,22.7
-9.5407,125.0679,1.9
-9.5937,124.8328,21.3
-9.5443,124.8445,15.8
-9.3016,124.9923,16.9
-9.4003,124.9699,15.1
-9.5617,125.1542,10.2
-9.4959,125.0569,23
-9.2632,124.8075,6.6
-9.3023,125.107,9
-9.2856,124.9352,4.2
-9.3358,124.8636,15.7
-9.2828,125.0348,15
-9.5706,125.0276,9.6
-9.4205,125.2448,12.7
-9.3919,125.1424,16.5
-9.4631,125.0509,20.8
-9.3589,125.2158,18.2
-9.4427,125.0096,9.2
-9.5705,125.0977,21.3
-9.4664,124.8332,11.7
-9.4728,125.0848,17
-9.3822,125.1878,2.5
-9.3524,125.0955,22.6
-9.536,124.8804,20
-9.5051,125.1028,4.1
-9.5399,125.0237,14
-9.2875,125.032,12.3
-9.3534,124.9984,24.5
-9.2818,124.8743,16.4
-9.48,125.2042,2.4
-9.5783,125.2178,5.2
-9.4865,125.1038,20.3
-9.6077,125.1694,5.4
-9.473,125.163,10.8
-9.4574,124.9052,0.5
-9.4888,125.1921,16.8
-9.437,124.9917,17.2
-9.3501,124.9606,18.5
-9.5808,124.9649,4.5
-9.4863,125.1947,6.4
-9.542,124.8536,2.1
-9.5989,125.1636,20.3
-9.3541,124.847,13.2
-9.3373,125.1011,10.5
-9.4661,124.8098,7.9
-9.2822,125.1155,2.5
-9.3792,124.9577,10.7
-9.5503,125.1423,11.6
-9.4015,125.1852,11
-9.4022,124.9985,10.4
-9.6091,125.1515,6.4
-9.5858,125.2051,0
-9.4385,125.2186,8.7
-9.5341,125.0879,12.4
-9.4778,124.8076,20.9
-9.4146,124.9389,16
-9.6211,125.2209,22.7
-9.464,125.079,24.3
-9.3687,124.7968,16.6
-9.274,124.9423,21.6
-9.5581,125.1342,6.4
-9.4406,125.0496,2.7
-9.5106,124.8508,22.3
-9.3821,124.8105,18.6
-9.5824,124.8484,10.4
-9.2658,125.2331,2.2
-9.3461,125.1911,12.6
-9.509,124.9102,20.4
-9.3626,125.0413,21.2
-9.393,124.9484,23
-9.3726,125.1623,4
-9.2677,125.2436,5
-9.5226,125.1551,13
-9.5896,124.8455,6.1
-9.501,124.8513,2.1
-9.3549,125.1782,9.9
-9.436,124.9547,7.7
-9.2977,125.1965,2.4
-9.3164,125.101,0.5
-9.5763,125.0192,14.9
-9.2974,125.2151,12
-9.6011,124.9449,5.2
-9.2652,125.1569,7.6
-9.3925,125.0707,19.4
-9.3253,125.1778,6.4
-9.527,125.035,15.5
-9.461,124.9569,9.6
-9.6209,125.1299,22.4
-9.3425,125.0231,13.8
-9.6045,125.0193,15.7
-9.5552,124.8223,24.1
-9.3175,124.9859,4.3
-9.4498,125.1663,3.8
-9.2736,125.1814,16.4
-9.3583,124.9788,16.4
-9.3183,124.9495,12.8
-9.6144,125.1811,17.3
-9.3781,124.9604,6.9
-9.3229,125.1691,4.4
-9.498,125.2246,4.8
-9.3712,125.1643,6.7
-9.6165,125.2405,13.6
-9.3848,125.0139,13.8
-9.2904,124.8824,12.3
-9.2999,124.8125,11.6
-9.4171,124.9059,9.9
-9.3749,124.8574,10.5
-9.4053,124.8221,10
-9.4339,125.1687,11.2
-9.5939,125.0587,23.3
-9.3301,125.1311,23.4
-9.3528,124.9058,18.2
-9.5227,124.8761,3.1
-9.3176,124.9877,4.7
-9.5197,125.1619,10.9
-9.5207,124.8902,19.1
-9.41,124.9055,5
-9.5743,125.2231,18.5
-9.3321,124.9741,7.2
-9.4377,125.095,22.5
-9.4063,124.8719,23.1
-9.5052,125.0147,6.8
-9.4145,125.1044,7
-9.4729,124.8728,21.2
-9.4167,124.8562,19.4
-9.2907,124.9509,22.3
-9.4558,124.9967,22.8
-9.2915,124.9817,7.1
-9.3274,125.1767,11.4
-9.3382,124.9046,23.1
-9.5871,125.1517,3.9
-9.5884,125.1915,15.7
-9.3893,125.2209,1.2
-9.4887,125.172,15.8
-9.4193,125.1755,12.3
-9.4473,124.822,11.8
-9.6081,124.978,17.1
-9.5128,125.2031,9.7
-9.3971,124.7983,9.6
-9.3552,124.9264,4
-9.5141,125.0981,5.7
-9.29,125.0551,12.3
-9.3596,124.9769,4.1
-9.5611,125.2378,8.1
-9.5722,124.9498,21.4
-9.4442,125.0849,8.2
-9.2953,124.9043,23.7
-9.5793,125.0551,16.2
-9.5481,124.8979,16.7
-9.3343,125.0321,8.5
-9.3523,125.2294,19.6
-9.3584,125.2042,6.4
-9.4107,124.8336,4.1
-9.5607,124.9414,18.9
-9.5439,124.893,15
-9.5149,125.1398,18.4
-9.533,124.9163,11.7
-9.5104,124.8191,20.4
-9.4581,125.0311,17.5
-9.4875,125.1198,22
-9.3965,124.8789,24.8
-9.5933,125.2219,11.2
-9.5996,124.8986,23.7
-9.2865,124.9422,5.4
-9.2894,124.8828,9
-9.5576,125.1446,9.6
-9.6083,125.1287,9.9
-9.6135,125.094,17.4
-9.3154,125.22,17.7
-9.2831,125.2137,9.5
-9.2955,124.8761,5
-9.4818,125.0564,17.7
-9.4964,125.2237,22.2
-9.332,124.9839,1.5
-9.2742,124.8362,24.4
-9.4615,125.1272,13.9
-9.473,125.1417,1.7
-9.424,125.1568,7.4
-9.4104,124.9732,3.2
-9.5102,125.1802,14.9
-9.4979,124.8575,14.4
-9.5756,124.8724,17.9
-9.5271,124.9141,2.7
-9.2744,124.8215,2.5
-9.2879,125.0947,0
-9.4243,124.86,19.1
-9.53,124.8498,5.5
-9.5143,124.8922,9.5
-9.5685,124.9413,14.8
-9.4959,124.8803,20.7
-9.3794,124.8923,12.5
-9.3273,124.9851,14.8
-9.4737,125.0369,18.5
-9.5511,124.8513,4.6
-9.5094,124.8266,5.4
-9.4772,125.0259,15.6
-9.2948,125.1387,11.5
-9.4758,125.1623,0.9
-9.4272,124.8336,20.9
-9.5857,125.2152,7.4
-9.2813,125.2253,3.5
-9.4636,125.04,21.1
-9.4764,124.9278,24.3
-9.2698,124.9678,4.2
-9.4134,124.851,2.8
-9.3651,125.0447,17.6
-9.4579,124.8284,16.8
-9.4068,125.1581,5.7
-9.3364,124.9947,6
-9.3786,125.001,16.5
-9.4054,124.9813,7.3
-9.415,124.8883,11.4
-9.3715,125.1338,12.4
-9.3475,124.9669,12.6
-9.3437,125.1713,7.7
-9.5985,125.0898,24.7
-9.5171,125.1921,15.2
-9.5408,124.9442,9.9
-9.5467,124.9251,19.8
-9.3564,124.9014,17
-9.4754,125.1096,1.9
-9.4597,125.1494,21.1
-9.4494,125.1568,21.5
-9.539,125.237,17.8
-9.2919,125.2115,6.4
-9.5399,125.168,19
-9.5284,125.0045,6.2
-9.3167,124.9741,9.3
-9.2735,124.9962,12
-9.5984,124.8242,17.3
-9.427,124.9881,8
-9.5961,124.8531,22.3
-9.4137,125.2203,22.8
-9.5562,124.8974,11.4
-9.5771,125.1841,9.7
-9.5933,124.8734,4.9
-9.5171,124.8962,19.3
-9.5201,125.0535,21.5
-9.5004,124.8085,18.9
-9.3953,124.9763,1
-9.5553,125.2067,3.6
-9.5279,125.2062,9
-9.543,125.2108,21.1
-9.5713,125.0159,13
-9.541,124.8301,24.9
-9.5568,125.0354,2.6
-9.622,124.9683,22.7
-9.5228,125.0494,19.3
-9.5901,124.8033,6.9
-9.5033,124.8207,9.9
-9.2922,125.0283,16.1
-9.4531,125.2339,1.4
-9.3095,125.1266,1
-9.4139,125.2405,4.7
-9.4029,124.8907,22
-9.3551,125.2351,13.4
-9.2624,125.0712,13.8
-9.304,125.023,3
-9.5314,124.9013,19.6
-9.3077,125.2075,17.1
-9.5832,125.1084,14.8
-9.3551,125.0721,22
-9.5927,124.9548,22.5
-9.5992,125.2003,1.5
-9.2997,125.0487,17.1
-9.5271,124.8064,1.7
-9.3754,124.8002,8
-9.491,125.1787,3.5
-9.4197,125.0156,20.7
-9.6096,124.8121,23
-9.5523,125.113,19.9
-9.301,125.1824,15.1
-9.2832,125.1789,21
-9.5476,125.1042,3.5
-9.3688,124.9852,12.7
-9.5816,125.0204,23.8
-9.5902,124.9792,0.4
-9.3573,125.0165,0.8
-9.4439,125.1859,16.5
-9.3651,125.0157,15.8
-9.4239,125.0818,1.8
-9.5806,125.1178,13
-9.2913,125.0763,22.2
-9.2813,124.808,0.7
-9.3972,125.1376,24.8
-9.532,124.8892,4.5
-9.3658,125.0802,10.3
-9.2954,124.9766,20.8
-9.481,125.236,4.1
-9.3993,125.1823,11
-9.2922,125.1127,14.2
-9.525,124.8244,14.8
-9.5846,124.8289,11.4
-9.2694,124.8279,11.1
-9.2912,125.2062,5.6
-9.3163,125.1414,7.9
-9.591,125.2134,18.2
-9.5202,125.0637,12.2
-9.2934,124.8777,2.1
-9.3804,124.9428,15.7
-9.4724,124.9332,10.3
-9.5057,125.085,16.2
-9.5186,125.113,19.5
-9.2768,125.1142,22.6
-9.5579,125.0092,5
-9.3139,125.0532,24.1
-9.6165,124.8653,14
-9.3123,125.0096,14.9
-9.3081,125.0596,14
-9.3379,125.0524,9.1
-9.5973,125.1019,10.9
-9.4743,125.1334,11.8
-9.3312,124.8667,6.5
-9.5693,125.2211,4.7
-9.4013,124.9016,14.2
-9.6182,125.0085,6.7
-9.4574,125.1762,3.9
-9.2888,124.803,2.8
-9.299,124.8643,21
-9.4291,125.0985,16.2
-9.5501,124.8946,23.1
-9.49,125.1304,12
-9.5576,125.0381,8.2
-9.5089,124.9055,5
-9.5656,124.9164,19.7
-9.5998,125.2399,14.3
-9.4709,125.2447,1.6
-9.4116,125.0942,11.4
-9.3991,124.8719,3.6
-9.2881,125.2167,1.6
-9.4125,125.1987,13.5
-9.3553,125.0233,3.1
-9.5757,124.8146,3.1
-9.2959,125.02,16.8
-9.3212,124.7985,24.6
-9.4998,125.1061,9
-9.4538,125.0279,18.2
-9.4412,125.1337,2.5
-9.3784,124.8063,22.4
-9.2979,124.9629,3.3
-9.3683,125.1056,17.1
-9.6021,124.9671,11.8
-9.4575,124.9069,2.3
-9.4035,124.808,1.3
-9.3958,125.2248,8.4
-9.5782,124.886,5.4
-9.4704,124.9737,0.9
-9.4899,125.1008,19.2
-9.3613,125.0886,6.1
-9.3725,125.1632,22
-9.3207,124.9719,2.7
-9.46,125.2006,13.6
-9.3718,125.0355,17.1
-9.4836,125.1065,1.6
-9.3151,125.02,19.2
-9.4071,125.0693,10.3
-9.4845,125.0267,14.5
-9.4933,124.9994,14.5
-9.3556,124.9865,2.6
-9.5063,124.7985,2.5
-9.4754,124.8377,16.4
-9.3959,124.9525,11.2
-9.5751,125.0198,17.8
-9.4929,124.8555,8.5
-9.5073,125.1079,0.3
-9.5308,125.1375,10.6
-9.4922,124.8503,5.6
-9.2767,124.9169,22.5
-9.2624,125.1386,15.6
-9.2912,124.8745,24.6
-9.4393,125.0844,13.5
-9.5042,125.1011,20.3
-9.2683,125.2197,0.7
-9.3764,124.9401,3.3
-9.2766,124.8776,7.5
-9.4414,125.2203,20.2
-9.4612,125.048,23.1
-9.3974,124.9466,21.1
-9.5794,125.1715,5
-9.4893,125.0779,0.3
-9.6104,124.8378,18.2
-9.4162,124.975,16
-9.3351,124.9418,5.6
-9.5365,125.1872,10.7
-9.534,125.0874,0.6
-9.5485,124.8489,17.2
-9.5637,124.8618,11.6
-9.5579,124.7982,12.6
-9.3328,125.0031,17.3
-9.4148,125.1576,22.7
-9.35,124.9424,2
-9.4137,125.0028,17
-9.3573,125.0519,16.4
-9.3733,124.8277,13.6
-9.5524,125.1727,17.6
-9.4395,125.2207,22.1
-9.3406,124.9769,17.3
-9.3858,124.9467,2.3
-9.2711,124.9402,13.2
-9.4105,124.9508,13.4
-9.5778,125.1691,13.1
-9.4251,125.0985,3.8
-9.5309,124.8407,18.6
-9.3675,125.0523,4.6
-9.5279,125.2086,7.6
-9.5172,124.926,1.1
-9.6132,125.1553,21
-9.2724,125.0902,4.1
-9.3729,124.999,0.1
-9.3344,125.1404,24.6
-9.6153,125.0442,9.4
-9.2674,124.7957,16
-9.558,124.9435,2.3
-9.4892,124.8921,12.1
-9.4764,124.8697,6.3
-9.5688,124.8535,11.4
-9.2793,125.081,4
-9.4948,125.0633,10.9
-9.5559,125.0718,22.7
-9.3568,125.1739,18.4
-9.5245,125.2012,14.4
-9.3822,125.0359,15.2
-9.532,125.0339,3.3
-9.2822,124.8561,21.4
-9.5303,125.0764,20.8
-9.5828,124.8468,5.8
-9.5006,125.103,18.8
-9.5764,124.8589,17.7
-9.5283,124.9242,14.6
-9.5391,124.8621,11.1
-9.521,125.1584,0.9
-9.5051,125.0036,21.4
-9.478,125.1539,9.4
-9.4846,125.1757,22.8
-9.3008,124.906,6.3
-9.5347,125.0577,22.8
-9.555,124.8093,2
-9.4274,124.9351,4.2
-9.2934,125.1623,13.1
-9.2724,125.2367,8
-9.275,125.0361,20.7
-9.403,125.0004,8.6
-9.5354,125.0821,6.4
-9.4201,125.0098,8.3
-9.6065,125.0007,19.5
-9.3348,125.0074,24.2
-9.4007,125.1736,5.3
-9.3608,124.9833,24.2
-9.6216,125.1352,10.3
-9.2731,125.0654,23
-9.538,125.142,6.5
-9.4198,124.8033,6.6
-9.4144,125.0306,4.6
-9.3377,125.1934,13.8
-9.5766,124.9824,19.2
-9.4656,125.0476,0.2
-9.5016,124.8633,19.6
-9.3227,124.9403,17.4
-9.329,125.0598,6.5
-9.343,124.8519,22.7
-9.3414,124.9119,11.1
-9.4505,124.893,11.1
-9.5422,124.9304,21.4
-9.29,124.9312,4.5
-9.288,125.1584,11.5
-9.3084,125.1309,10.8
-9.4252,125.1341,15.9
-9.5722,125.0653,9
-9.2996,124.8564,24.8
-9.4663,125.0001,13.2
-9.3642,125.1422,8.7
-9.4991,125.0546,18
-9.578,125.0398,18.1
-9.42,125.0657,22.4
-9.6002,125.0063,14.1
-9.3358,124.7966,0.1
-9.4232,125.0002,2
-9.2892,124.8464,2.4
-9.4375,125.1173,7.4
-9.4662,124.8323,9
-9.603,125.1731,1.7
-9.5085,124.8303,20.9
-9.6011,125.199,19.7
-9.2933,125.1028,24.4
-9.5925,125.0154,11.8
-9.422,125.0937,6.6
-9.5558,124.9895,14.2
-9.3609,125.0488,19.5
-9.4224,124.8746,6.4
-9.2703,125.1498,9.9
-9.4393,124.8593,22.1
-9.3246,125.0955,6.1
-9.4962,125.0656,9.8
-9.2623,124.8487,16.4
-9.3625,124.9091,14.3
-9.4706,124.831,0.7
-9.5721,125.056,3.7
-9.4745,124.8294,3.2
-9.4797,125.0958,16.8
-9.3449,125.0924,17.5
-9.4442,125.1006,0.4
-9.262,125.1454,5.7
-9.5815,125.1446,6.8
-9.6044,124.9389,12
-9.5743,125.0446,24.6
-9.6062,124.9582,8.6
-9.3753,124.9443,6.2
-9.4421,124.8712,5
-9.3843,124.9157,9.6
-9.5341,124.8463,9
-9.3973,125.1343,21.6
-9.4885,125.2266,0.1
-9.4584,125.0613,2.2
-9.278,124.8508,12.5
-9.5583,124.9827,21.8
-9.591,124.9809,20.7
-9.3152,125.0993,4.3
-9.4131,125.1334,18.7
-9.5621,125.1665,0.8
-9.3361,124.8009,4
-9.2882,125.1907,2.7
-9.282,124.83,23
-9.6002,124.9695,5.4
-9.2738,125.2042,24.8
-9.4791,125.0782,18.5
-9.3202,124.9389,10.8
-9.437,125.1472,7.1
-9.4251,125.1802,12.1
-9.5575,125.2358,17.9
-9.2664,125.2215,15
-9.4889,125.1441,3.6
-9.2766,125.2133,15
-9.5526,125.0494,6.7
-9.5522,125.1616,15.9
-9.3416,125.1693,21.7
-9.443,124.9934,24.8
-9.4234,124.9265,8.4
-9.4508,124.8131,16.4
-9.5885,124.9035,22.3
-9.2827,125.0866,23.4
-9.3521,125.1698,3
-9.4803,125.2123,23.9
-9.5698,125.2106,16.7
-9.4522,125.0587,3.4
-9.3022,125.1195,19.4
-9.4007,125.1946,1.1
-9.2806,124.9616,9.3
-9.4879,125.2234,12.2
-9.4641,125.2308,23.3
-9.4979,125.0944,14.3
-9.6051,125.0104,14
-9.4316,125.0142,21.3
-9.4003,124.898,14.1
-9.4537,125.1417,7.3
-9.5908,124.849,15.7
-9.5004,125.0312,23.4
-9.3446,125.1286,5
-9.279,124.9457,6.4
-9.5475,124.9957,3
-9.2908,125.1683,2.8
-9.3944,125.1649,19.6
-9.5432,124.9882,18.4
-9.4688,125.2152,6.6
-9.5064,125.1784,18.4
-9.4394,124.8901,1.5
-9.409,124.8182,2.9
-9.3078,124.9931,10.1
-9.329,125.1346,23
-9.3796,124.8728,11.4
-9.3824,125.1565,14.5
-9.2834,125.1928,7.8
-9.3652,124.963,11.4
-9.5104,124.8994,7.1
-9.3045,124.8884,21
-9.6062,125.1021,20.6
-9.4413,125.0244,1.2
-9.4793,125.0707,3.9
-9.5705,125.2125,3.9
-9.5506,125.1554,9.2
-9.609,124.8539,12.4
-9.4654,124.9903,8
-9.5598,124.9599,20.4
-9.5566,125.1012,22.7
-9.5282,125.0191,14.3
-9.3421,124.8186,6.8
-9.3905,125.0571,10.7
-9.4538,124.9403,13.9
-9.3379,125.171,11.3
-9.4149,125.083,12.8
-9.3099,125.0873,23.2
-9.5252,125.2074,3.3
-9.3422,125.0035,8.7
-9.6161,124.887,16.7
-9.4028,125.1085,2
-9.2815,124.8016,12
-9.413,124.8444,9.4
-9.5702,125.2339,15.6
-9.3325,125.1562,6.5
-9.4801,124.8855,17
-9.4429,125.1894,2.7
-9.4306,124.9858,10.2
-9.3069,125.2055,4
-9.569,125.0589,9
-9.3509,125.0566,15.1
-9.4858,124.9264,5
-9.2889,125.2394,3.7
-9.531,124.8336,18.5
-9.4394,125.0332,4.9
-9.3528,124.9142,7.4
-9.5076,124.9212,18.5
-9.4868,124.8452,20.1
-9.357,125.1866,2
-9.5168,124.9479,15.3
-9.386,125.034,18.4
-9.5346,125.2289,21.1
-9.3804,124.8767,21.6
-9.3916,124.8605,13.7
-9.29,125.1298,20.6
-9.5959,124.9346,7.1
-9.5385,124.8486,5.6
-9.3294,125.0824,16.9
-9.3633,124.8853,13.1
-9.3682,125.109,16.5
-9.2639,125.0187,17.8
-9.3886,125.1618,19.2
-9.4973,125.1103,11
-9.4761,124.9882,9.8
-9.3625,125.1906,5.2
-9.508,125.1555,4.8
-9.6134,125.1734,22.3
-9.2794,125.1694,14.5
-9.3808,124.9663,10.8
-9.4018,125.0975,24.7
-9.5745,125.0894,13
-9.4726,124.9336,14.7
-9.3659,124.9811,16.9
-9.3158,125.102,3.4
-9.5079,124.8351,14.7
-9.3658,125.0155,23.2
-9.4109,124.8745,12.7
-9.3192,125.1259,6.5
-9.5722,124.983,18.4
-9.5377,124.9177,3.5
-9.3907,124.8133,10.3
-9.579,125.2295,14.2
-9.4606,124.8892,2.3
-9.2907,124.9678,8.2
-9.3319,125.2002,0.2
-9.5815,125.0591,22.2
-9.4185,124.8017,20.6
-9.594,125.1813,8.9
-9.3657,125.0194,12.4
-9.3415,125.0328,19.8
-9.5935,125.1347,18.8
-9.2746,125.071,24.1
-9.3018,124.9382,13.5
-9.4435,125.0465,15
-9.3936,125.0488,0.8
-9.3837,124.8115,24.7
-9.3419,125.1262,6.5
-9.3726,125.131,2.7
-9.5312,124.8015,8.4
-9.297,125.1563,2.3
-9.4514,124.9037,18.8
-9.3248,125.1029,6.6
-9.5759,125.118,6.7
-9.55,125.0416,2.3
-9.3598,124.9261,5.6
-9.2623,124.9534,3
-9.4547,125.2219,15.5
-9.3444,125.0454,21.6
-9.2865,124.826,24.4
-9.4751,124.7981,22.8
-9.5421,124.9268,13.5
-9.5814,124.844,3.4
-9.4682,124.9281,5.1
-9.5627,124.8071,21.8
-9.3146,124.8391,24.1
-9.4158,125.0859,11.8
-9.408,125.192,13.3
-9.5441,124.8825,10.3
-9.297,124.917,21.6
-9.5548,125.1444,15.2
-9.4806,124.9503,22.6
-9.5503,124.9706,15.9
-9.4086,124.9362,22
-9.4652,124.8973,12.7
-9.5931,125.0144,3.8
-9.5339,125.0049,22.3
-9.4141,125.0634,11.7
-9.4599,125.2125,20
-9.5549,125.1946,23.5
-9.4735,124.9831,3.3
-9.559,125.1571,10.1
-9.3564,125.0663,20.9
-9.3616,125.1715,10.3
-9.4034,124.9331,11.8
-9.4844,125.1959,10.5
-9.3354,125.0356,9.2
-9.5122,124.9081,2.4
-9.3301,124.8295,4.9
-9.3317,124.8289,3.3
-9.4844,125.0035,2.8
-9.376,124.8673,1.4
-9.3274,125.1367,4.4
-9.3678,124.9873,12.2
-9.6189,125.0046,18.7
-9.4471,124.8256,22.7
-9.5244,124.8349,21.9
-9.5343,124.855,17.6
-9.6052,124.9297,11.9
-9.622,125.1866,7.7
-9.5729,124.8555,12.8
-9.5625,125.1618,22.7
-9.5537,125.0518,6.5
-9.3144,124.9691,5.5
-9.3262,124.8524,15.7
-9.5194,125.0995,11.2
-9.5769,124.953,24.2
-9.4575,124.9767,2.9
-9.5927,125.1113,1.3
